https://motos.mercadolibre.com.ar/accesorios/;
https://vehiculos.mercadolibre.com.ar/acc-repuestos-nauticos/;
https://autos.mercadolibre.com.ar/accesorios/;
https://autos.mercadolibre.com.ar/accesorios-camiones/;
https://vehiculos.mercadolibre.com.ar/audio/;
https://vehiculos.mercadolibre.com.ar/gnc/;
https://autos.mercadolibre.com.ar/herramientas/;
https://vehiculos.mercadolibre.com.ar/limpieza/;
https://vehiculos.mercadolibre.com.ar/llantas/;
https://vehiculos.mercadolibre.com.ar/motos/;
https://autos.mercadolibre.com.ar/navegadores-gps/;
https://vehiculos.mercadolibre.com.ar/neumaticos/;
https://tuning.mercadolibre.com.ar/performance/;
https://autos.mercadolibre.com.ar/repuestos/;
https://vehiculos.mercadolibre.com.ar/repuestos-linea-pesada/;
https://motos.mercadolibre.com.ar/repuestos-cuatriciclos/;
https://autos.mercadolibre.com.ar/seguridad-vehicular/;
https://autos.mercadolibre.com.ar/servicio-programado/;
https://vehiculos.mercadolibre.com.ar/tags-pago-peajes/;
https://tuning.mercadolibre.com.ar/tuning/;
https://vehiculos.mercadolibre.com.ar/accesorios/otros/;
https://listado.mercadolibre.com.ar/agro-animales/;
https://listado.mercadolibre.com.ar/agro-generadores-energia/;
https://listado.mercadolibre.com.ar/infraestructura-rural/;
https://listado.mercadolibre.com.ar/agro-insumos-agricolas/;
https://listado.mercadolibre.com.ar/insumos-ganaderos/;
https://listado.mercadolibre.com.ar/agro-maquinas-herramientas/;
https://listado.mercadolibre.com.ar/repuestos-maquinaria-agricola/;
https://listado.mercadolibre.com.ar/industrias-oficinas/industria-agropecuaria/otros/;
https://listado.mercadolibre.com.ar/almacen/;
https://listado.mercadolibre.com.ar/bebidas/;
https://listado.mercadolibre.com.ar/comida-preparada/;
https://listado.mercadolibre.com.ar/congelados/;
https://listado.mercadolibre.com.ar/frescos/;
https://listado.mercadolibre.com.ar/kefir/;
https://listado.mercadolibre.com.ar/alimentos-bebidas/otros/;
https://listado.mercadolibre.com.ar/animales-mascotas/aves/;
https://listado.mercadolibre.com.ar/animales-mascotas/caballos/;
https://listado.mercadolibre.com.ar/animales-mascotas/conejos/;
https://listado.mercadolibre.com.ar/animales-mascotas/gatos/;
https://listado.mercadolibre.com.ar/insectos/;
https://listado.mercadolibre.com.ar/animales-mascotas/peces/;
https://listado.mercadolibre.com.ar/animales-mascotas/perros/;
https://listado.mercadolibre.com.ar/animales-mascotas/reptiles-anfibios/;
https://listado.mercadolibre.com.ar/animales-mascotas/roedores/;
https://listado.mercadolibre.com.ar/animales-mascotas/otros/;
https://listado.mercadolibre.com.ar/antiguedades/;
https://listado.mercadolibre.com.ar/banderas/;
https://coleccionables.mercadolibre.com.ar/coleccionables-deportes/;
https://listado.mercadolibre.com.ar/esculturas/;
https://coleccionables.mercadolibre.com.ar/filatelia/;
https://coleccionables.mercadolibre.com.ar/militaria-afines/;
https://coleccionables.mercadolibre.com.ar/monedas-billetes/;
https://coleccionables.mercadolibre.com.ar/posters/;
https://listado.mercadolibre.com.ar/otros/;
https://listado.mercadolibre.com.ar/arte-manualidades/;
https://listado.mercadolibre.com.ar/espejos-venecitas/;
https://listado.mercadolibre.com.ar/libreria/;
https://listado.mercadolibre.com.ar/merceria/;
https://listado.mercadolibre.com.ar/arte-artesanias/otros/;
https://vehiculos.mercadolibre.com.ar/autos-chocados-averiados/;
https://autos.mercadolibre.com.ar/coleccion/;
https://autos.mercadolibre.com.ar/;
https://vehiculos.mercadolibre.com.ar/camiones/;
https://vehiculos.mercadolibre.com.ar/colectivos/;
https://vehiculos.mercadolibre.com.ar/maquinaria-agricola/;
https://vehiculos.mercadolibre.com.ar/maquinaria-vial/;
https://vehiculos.mercadolibre.com.ar/motorhomes/;
https://motos.mercadolibre.com.ar/;
https://vehiculos.mercadolibre.com.ar/nautica/;
https://vehiculos.mercadolibre.com.ar/planes-de-ahorro/;
https://vehiculos.mercadolibre.com.ar/semirremolques/;
https://vehiculos.mercadolibre.com.ar/otros/;
https://listado.mercadolibre.com.ar/bebes/andadores-vehiculos/;
https://listado.mercadolibre.com.ar/bebes/bano/;
https://listado.mercadolibre.com.ar/bebes/articulos-maternidad/;
https://listado.mercadolibre.com.ar/bebes/chupetes-mordillos/;
https://listado.mercadolibre.com.ar/bebes/comida/;
https://listado.mercadolibre.com.ar/bebes/corralitos/;
https://listado.mercadolibre.com.ar/bebes/cuarto/;
https://listado.mercadolibre.com.ar/bebes/higiene-cuidado/;
https://listado.mercadolibre.com.ar/bebes/juegos-juguetes/;
https://listado.mercadolibre.com.ar/bebes/lactancia-alimentacion/;
https://listado.mercadolibre.com.ar/bebes/paseo/;
https://listado.mercadolibre.com.ar/bebes/ropa-calzado/;
https://listado.mercadolibre.com.ar/bebes/salud/;
https://listado.mercadolibre.com.ar/bebes/seguridad/;
https://listado.mercadolibre.com.ar/bebes/otros/;
https://listado.mercadolibre.com.ar/artefactos-cabello/;
https://listado.mercadolibre.com.ar/belleza-y-cuidado-personal/articulos-peluqueria/;
https://listado.mercadolibre.com.ar/belleza-y-cuidado-personal/barberia/;
https://listado.mercadolibre.com.ar/belleza-y-cuidado-personal/cuidado-piel/;
https://listado.mercadolibre.com.ar/belleza-y-cuidado-personal/cuidado-cabello/;
https://listado.mercadolibre.com.ar/belleza-y-cuidado-personal/depilacion/;
https://listado.mercadolibre.com.ar/belleza-y-cuidado-personal/farmacia/;
https://listado.mercadolibre.com.ar/belleza-y-cuidado-personal/higiene-personal/;
https://listado.mercadolibre.com.ar/belleza-y-cuidado-personal/manicuria-pedicuria/;
https://listado.mercadolibre.com.ar/belleza-y-cuidado-personal/maquillaje/;
https://listado.mercadolibre.com.ar/perfumes-fragancias/;
https://listado.mercadolibre.com.ar/belleza-y-cuidado-personal/tratamientos-belleza/;
https://listado.mercadolibre.com.ar/belleza-y-cuidado-personal/otros/;
https://camaras-digitales.mercadolibre.com.ar/accesorios/;
https://camaras-digitales.mercadolibre.com.ar/albumes-portarretratos/;
https://camaras-digitales.mercadolibre.com.ar/cables/;
https://camaras-digitales.mercadolibre.com.ar/camaras/;
https://camaras-digitales.mercadolibre.com.ar/drones-accesorios/;
https://camaras-digitales.mercadolibre.com.ar/filmadoras-camaras-accion/;
https://camaras-digitales.mercadolibre.com.ar/instrumentos-opticos/;
https://camaras-digitales.mercadolibre.com.ar/lentes-filtros/;
https://camaras-digitales.mercadolibre.com.ar/repuestos-camaras/;
https://camaras-digitales.mercadolibre.com.ar/revelado-laboratorio/;
https://camaras-digitales.mercadolibre.com.ar/otros/;
https://celulares.mercadolibre.com.ar/accesorios/;
https://celulares.mercadolibre.com.ar/;
https://telefonia.mercadolibre.com.ar/handies-radiofrecuencia/;
https://celulares.mercadolibre.com.ar/lentes-realidad-virtual/;
https://celulares.mercadolibre.com.ar/repuestos/;
https://celulares.mercadolibre.com.ar/smartwatches-accesorios/;
https://telefonia.mercadolibre.com.ar/tarifadores-cabinas/;
https://telefonia.mercadolibre.com.ar/fija-e-inalambrica/;
https://telefonia.mercadolibre.com.ar/ip/;
https://telefonia.mercadolibre.com.ar/otros/;
https://computacion.mercadolibre.com.ar/accesorios-antiestatica/;
https://computacion.mercadolibre.com.ar/accesorios-pc-gaming/;
https://computacion.mercadolibre.com.ar/almacenamiento/;
https://computacion.mercadolibre.com.ar/cables-hubs-usb/;
https://computacion.mercadolibre.com.ar/componentes-pc/;
https://computacion.mercadolibre.com.ar/conectividad-redes/;
https://computacion.mercadolibre.com.ar/estabilizadores-ups/;
https://computacion.mercadolibre.com.ar/impresion/;
https://computacion.mercadolibre.com.ar/laptops/;
https://computacion.mercadolibre.com.ar/lectores-scanners/;
https://computacion.mercadolibre.com.ar/limpieza-pcs/;
https://computacion.mercadolibre.com.ar/monitores/;
https://computacion.mercadolibre.com.ar/palms-handhelds/;
https://computacion.mercadolibre.com.ar/pc-escritorio/;
https://computacion.mercadolibre.com.ar/perifericos-pc/;
https://computacion.mercadolibre.com.ar/proyectores-pantallas/;
https://computacion.mercadolibre.com.ar/software/;
https://computacion.mercadolibre.com.ar/tablets-accesorios/;
https://computacion.mercadolibre.com.ar/otros/;
https://videojuegos.mercadolibre.com.ar/accesorios-consolas/;
https://videojuegos.mercadolibre.com.ar/accesorios-pc-gaming/;
https://videojuegos.mercadolibre.com.ar/consolas/;
https://videojuegos.mercadolibre.com.ar/flippers-y-arcade/;
https://videojuegos.mercadolibre.com.ar/repuestos-consolas/;
https://videojuegos.mercadolibre.com.ar/videojuegos/;
https://videojuegos.mercadolibre.com.ar/otros/;
https://listado.mercadolibre.com.ar/construccion-aberturas/;
https://listado.mercadolibre.com.ar/construccion-accesorios/;
https://listado.mercadolibre.com.ar/construccion-banos-sanitarios/;
https://listado.mercadolibre.com.ar/construccion-electricidad/;
https://listado.mercadolibre.com.ar/herramientas-y-construccion/construccion/maquinarias/;
https://listado.mercadolibre.com.ar/construccion-materiales-obra/;
https://listado.mercadolibre.com.ar/construccion-mobiliario-cocinas/;
https://listado.mercadolibre.com.ar/construccion-pintureria/;
https://listado.mercadolibre.com.ar/construccion-pisos-revestimientos/;
https://listado.mercadolibre.com.ar/construccion-plomeria/;
https://listado.mercadolibre.com.ar/herramientas-y-construccion/construccion/otros/;
https://deportes.mercadolibre.com.ar/artes-marciales-y-boxeo/;
https://deportes.mercadolibre.com.ar/badminton/;
https://deportes.mercadolibre.com.ar/basquet/;
https://deportes.mercadolibre.com.ar/buceo/;
https://deportes.mercadolibre.com.ar/camping-caza-pesca/;
https://deportes.mercadolibre.com.ar/canoas-kayaks-e-inflables/;
https://deportes.mercadolibre.com.ar/ciclismo/;
https://deportes.mercadolibre.com.ar/equitacion-polo/;
https://deportes.mercadolibre.com.ar/esgrima/;
https://deportes.mercadolibre.com.ar/esqui-snowboard/;
https://deportes.mercadolibre.com.ar/fitness-musculacion/;
https://deportes.mercadolibre.com.ar/futbol/;
https://deportes.mercadolibre.com.ar/futbol-americano/;
https://deportes.mercadolibre.com.ar/golf/;
https://deportes.mercadolibre.com.ar/handball/;
https://deportes.mercadolibre.com.ar/hockey/;
https://deportes.mercadolibre.com.ar/juegos-salon/;
https://deportes.mercadolibre.com.ar/kitesurf/;
https://deportes.mercadolibre.com.ar/monopatines-scooters/;
https://deportes.mercadolibre.com.ar/montanismo-trekking/;
https://deportes.mercadolibre.com.ar/natacion/;
https://deportes.mercadolibre.com.ar/paintball/;
https://deportes.mercadolibre.com.ar/parapente/;
https://deportes.mercadolibre.com.ar/patin-skateboard/;
https://deportes.mercadolibre.com.ar/pilates-y-yoga/;
https://deportes.mercadolibre.com.ar/pulsometros-cronometros/;
https://deportes.mercadolibre.com.ar/ropa-deportiva/;
https://deportes.mercadolibre.com.ar/rugby/;
https://deportes.mercadolibre.com.ar/slackline/;
https://deportes.mercadolibre.com.ar/softball-beisbol/;
https://deportes.mercadolibre.com.ar/suplementos-shakers/;
https://deportes.mercadolibre.com.ar/surf-bodyboard/;
https://deportes.mercadolibre.com.ar/tenis-padel-squash/;
https://deportes.mercadolibre.com.ar/tiro-deportivo/;
https://deportes.mercadolibre.com.ar/voley/;
https://deportes.mercadolibre.com.ar/wakeboard-esqui-acuatico/;
https://deportes.mercadolibre.com.ar/windsurf/;
https://deportes.mercadolibre.com.ar/zapatillas/;
https://deportes.mercadolibre.com.ar/otros/;
https://listado.mercadolibre.com.ar/electrodomesticos/cuidado-personal/;
https://listado.mercadolibre.com.ar/electrodomesticos/climatizacion/;
https://listado.mercadolibre.com.ar/electrodomesticos/coccion/;
https://listado.mercadolibre.com.ar/electrodomesticos/dispensadores-purificadores/;
https://listado.mercadolibre.com.ar/lavado/;
https://listado.mercadolibre.com.ar/pequenos-electrodomesticos/;
https://listado.mercadolibre.com.ar/refrigeracion/;
https://listado.mercadolibre.com.ar/electrodomesticos/otros/;
https://electronica.mercadolibre.com.ar/accesorios-audio-y-video/;
https://electronica.mercadolibre.com.ar/accesorios-tv/;
https://electronica.mercadolibre.com.ar/audio/;
https://electronica.mercadolibre.com.ar/cables/;
https://electronica.mercadolibre.com.ar/componentes-electronicos/;
https://electronica.mercadolibre.com.ar/controles-remotos/;
https://electronica.mercadolibre.com.ar/drones-accesorios/;
https://electronica.mercadolibre.com.ar/fundas-bolsos/;
https://electronica.mercadolibre.com.ar/media-streaming/;
https://electronica.mercadolibre.com.ar/pilas-cargadores-baterias/;
https://electronica.mercadolibre.com.ar/proyectores-pantallas/;
https://electronica.mercadolibre.com.ar/repuestos-tv/;
https://televisores.mercadolibre.com.ar/televisores/;
https://electronica.mercadolibre.com.ar/video/;
https://electronica.mercadolibre.com.ar/otros/;
https://listado.mercadolibre.com.ar/entradas-para-eventos/coleccion/;
https://listado.mercadolibre.com.ar/eventos-a-beneficio/;
https://listado.mercadolibre.com.ar/entradas-para-eventos/deportivos/;
https://listado.mercadolibre.com.ar/exposiciones/;
https://listado.mercadolibre.com.ar/entradas-para-eventos/recitales/;
https://listado.mercadolibre.com.ar/entradas-para-eventos/teatro/;
https://listado.mercadolibre.com.ar/entradas-para-eventos/otras/;
https://listado.mercadolibre.com.ar/accesorios-herramientas/;
https://listado.mercadolibre.com.ar/cajas-organizadores/;
https://listado.mercadolibre.com.ar/herramientas-electricas/;
https://listado.mercadolibre.com.ar/herramientas-industriales/;
https://listado.mercadolibre.com.ar/herramientas-manuales/;
https://listado.mercadolibre.com.ar/herramientas-neumaticas/;
https://listado.mercadolibre.com.ar/herramientas-jardin/;
https://listado.mercadolibre.com.ar/testers-equipos-medicion/;
https://listado.mercadolibre.com.ar/herramientas-y-construccion/herramientas/otras/;
https://hogar.mercadolibre.com.ar/adornos-decoracion-del/;
https://hogar.mercadolibre.com.ar/banos/;
https://hogar.mercadolibre.com.ar/bazar-cocina/;
https://hogar.mercadolibre.com.ar/colchones-sommiers/;
https://hogar.mercadolibre.com.ar/cuidado-del-lavanderia/;
https://hogar.mercadolibre.com.ar/iluminacion/;
https://hogar.mercadolibre.com.ar/jardin-aire-libre/;
https://hogar.mercadolibre.com.ar/muebles/;
https://hogar.mercadolibre.com.ar/organizacion/;
https://hogar.mercadolibre.com.ar/seguridad/;
https://hogar.mercadolibre.com.ar/textiles-decoracion/;
https://hogar.mercadolibre.com.ar/otros/;
https://listado.mercadolibre.com.ar/industrias-oficinas/arquitectura-y-diseno/;
https://listado.mercadolibre.com.ar/embalaje-logistica/;
https://listado.mercadolibre.com.ar/equipamiento-medic/;
https://listado.mercadolibre.com.ar/equipamiento-comercios/;
https://listado.mercadolibre.com.ar/industrias-oficinas/equipamiento-oficinas/;
https://listado.mercadolibre.com.ar/gastronomia-hoteleria/;
https://listado.mercadolibre.com.ar/grafica-e-impresion/;
https://listado.mercadolibre.com.ar/herramientas-industriale/;
https://listado.mercadolibre.com.ar/publicidad-promocion/;
https://listado.mercadolibre.com.ar/seguridad-laboral/;
https://listado.mercadolibre.com.ar/textil-calzado/;
https://listado.mercadolibre.com.ar/uniformes-ropa-trabajo/;
https://listado.mercadolibre.com.ar/industrias-oficinas/otros/;
https://inmuebles.mercadolibre.com.ar/camas-nauticas/;
https://inmuebles.mercadolibre.com.ar/campos/;
https://inmuebles.mercadolibre.com.ar/casas/;
https://inmuebles.mercadolibre.com.ar/cocheras/;
https://inmuebles.mercadolibre.com.ar/consultorios/;
https://inmuebles.mercadolibre.com.ar/departamentos/;
https://inmuebles.mercadolibre.com.ar/depositos-y-galpones/;
https://inmuebles.mercadolibre.com.ar/fondo-de-comercio/;
https://inmuebles.mercadolibre.com.ar/locales/;
https://inmuebles.mercadolibre.com.ar/oficinas/;
https://inmuebles.mercadolibre.com.ar/bovedas-nichos-parcelas/;
https://inmuebles.mercadolibre.com.ar/ph/;
https://inmuebles.mercadolibre.com.ar/quintas/;
https://inmuebles.mercadolibre.com.ar/terrenos-lotes/;
https://inmuebles.mercadolibre.com.ar/tiempo-compartido/;
https://inmuebles.mercadolibre.com.ar/otros/;
https://instrumentos.mercadolibre.com.ar/baterias-percusion/;
https://instrumentos.mercadolibre.com.ar/equipos-dj-accesorios/;
https://instrumentos.mercadolibre.com.ar/estudio-grabacion/;
https://instrumentos.mercadolibre.com.ar/instrumentos-cuerdas/;
https://instrumentos.mercadolibre.com.ar/instrumentos-viento/;
https://instrumentos.mercadolibre.com.ar/metronomos/;
https://instrumentos.mercadolibre.com.ar/microfonos-amplificadores/;
https://instrumentos.mercadolibre.com.ar/parlantes-bafles/;
https://instrumentos.mercadolibre.com.ar/partituras-y-letras/;
https://instrumentos.mercadolibre.com.ar/pedales-accesorios/;
https://instrumentos.mercadolibre.com.ar/teclados-pianos/;
https://instrumentos.mercadolibre.com.ar/otros/;
https://joyas.mercadolibre.com.ar/exhibidores-joyeros/;
https://joyas.mercadolibre.com.ar/insumos-joyeria/;
https://joyas.mercadolibre.com.ar/joyas-bijouterie/;
https://joyas.mercadolibre.com.ar/piedras-preciosas/;
https://joyas.mercadolibre.com.ar/piercings/;
https://joyas.mercadolibre.com.ar/plumas-lapiceras-lujo/;
https://joyas.mercadolibre.com.ar/relojes/;
https://joyas.mercadolibre.com.ar/repuestos-relojes/;
https://joyas.mercadolibre.com.ar/otros/;
https://juegos-juguetes.mercadolibre.com.ar/armas-lanzadores-juguete/;
https://juegos-juguetes.mercadolibre.com.ar/arte-manualidades/;
https://juegos-juguetes.mercadolibre.com.ar/casas-carpas-ninos/;
https://juegos-juguetes.mercadolibre.com.ar/electronicos-ninos/;
https://coleccionables.mercadolibre.com.ar/figuritas-albumes-cromos/;
https://juegos-juguetes.mercadolibre.com.ar/hobbies/;
https://juegos-juguetes.mercadolibre.com.ar/instrumentos-musicales/;
https://juegos-juguetes.mercadolibre.com.ar/juegos-agua-playa/;
https://juegos-juguetes.mercadolibre.com.ar/juegos-mesa-cartas/;
https://juegos-juguetes.mercadolibre.com.ar/aire-libre-y-agua/;
https://juegos-juguetes.mercadolibre.com.ar/juegos-salon/;
https://juegos-juguetes.mercadolibre.com.ar/juguetes-antiestres-e-ingenio/;
https://juegos-juguetes.mercadolibre.com.ar/juguetes-bromas/;
https://juegos-juguetes.mercadolibre.com.ar/juguetes-construccion/;
https://juegos-juguetes.mercadolibre.com.ar/juguetes-oficios/;
https://juegos-juguetes.mercadolibre.com.ar/juguetes-bebes/;
https://juegos-juguetes.mercadolibre.com.ar/mesas-sillas-ninos/;
https://juegos-juguetes.mercadolibre.com.ar/munecos-munecas/;
https://juegos-juguetes.mercadolibre.com.ar/patines-patinetas/;
https://juegos-juguetes.mercadolibre.com.ar/peloteros-y-castillos/;
https://juegos-juguetes.mercadolibre.com.ar/peluches/;
https://juegos-juguetes.mercadolibre.com.ar/titeres-marionetas/;
https://juegos-juguetes.mercadolibre.com.ar/vehiculos-juguete/;
https://juegos-juguetes.mercadolibre.com.ar/vehiculos-montables-ninos/;
https://juegos-juguetes.mercadolibre.com.ar/otros/;
https://libros.mercadolibre.com.ar/catalogos/;
https://libros.mercadolibre.com.ar/comics-historietas/;
https://libros.mercadolibre.com.ar/libros/;
https://libros.mercadolibre.com.ar/manga/;
https://libros.mercadolibre.com.ar/revistas/;
https://libros.mercadolibre.com.ar/otros/;
https://listado.mercadolibre.com.ar/cursos/;
https://listado.mercadolibre.com.ar/musica-peliculas-series/musica/;
https://listado.mercadolibre.com.ar/musica-peliculas-series/peliculas/;
https://listado.mercadolibre.com.ar/musica-peliculas-series/series-tv/;
https://listado.mercadolibre.com.ar/musica-peliculas-series/otros/;
https://ropa.mercadolibre.com.ar/abrigos/;
https://ropa.mercadolibre.com.ar/accesorios/;
https://ropa.mercadolibre.com.ar/bermudas-shorts/;
https://ropa.mercadolibre.com.ar/blusas/;
https://zapatos.mercadolibre.com.ar/calzado/;
https://ropa.mercadolibre.com.ar/calzas/;
https://ropa.mercadolibre.com.ar/camisas/;
https://ropa.mercadolibre.com.ar/enteritos/;
https://bolsos.mercadolibre.com.ar/equipaje-carteras/;
https://ropa.mercadolibre.com.ar/indumentaria-laboral-escolar/;
https://ropa.mercadolibre.com.ar/kimonos/;
https://ropa.mercadolibre.com.ar/lotes/;
https://ropa.mercadolibre.com.ar/pantalones-jeans-joggings/;
https://ropa.mercadolibre.com.ar/polleras/;
https://ropa.mercadolibre.com.ar/remeras-musculosas-chombas/;
https://ropa.mercadolibre.com.ar/deportiva/;
https://ropa.mercadolibre.com.ar/ropa-interior-y-de-dormir/;
https://ropa.mercadolibre.com.ar/ropa-calzado-bebes/;
https://ropa.mercadolibre.com.ar/trajes/;
https://ropa.mercadolibre.com.ar/trajes-bano/;
https://ropa.mercadolibre.com.ar/vestidos/;
https://ropa.mercadolibre.com.ar/otros/;
https://listado.mercadolibre.com.ar/salud-y-equipamiento-medico/cuidado-salud/;
https://listado.mercadolibre.com.ar/salud-y-equipamiento-medico/medico/;
https://listado.mercadolibre.com.ar/salud-y-equipamiento-medico/masajes/;
https://listado.mercadolibre.com.ar/movilidad/;
https://listado.mercadolibre.com.ar/ortopedia/;
https://listado.mercadolibre.com.ar/salud-y-equipamiento-medico/suplementos-alimenticios/;
https://listado.mercadolibre.com.ar/salud-y-equipamiento-medico/terapias-alternativas/;
https://listado.mercadolibre.com.ar/salud-y-equipamiento-medico/otros/;
https://servicios.mercadolibre.com.ar/asesoramiento-contable-legal/;
https://servicios.mercadolibre.com.ar/belleza-cuidado-personal/;
https://servicios.mercadolibre.com.ar/comunicacion-diseno/;
https://servicios.mercadolibre.com.ar/cursos-clases/;
https://servicios.mercadolibre.com.ar/delivery/;
https://servicios.mercadolibre.com.ar/fiestas-eventos/;
https://servicios.mercadolibre.com.ar/fotografia-musica-cine/;
https://servicios.mercadolibre.com.ar/hogar-construccion/;
https://servicios.mercadolibre.com.ar/imprenta/;
https://servicios.mercadolibre.com.ar/mantenimiento-de-vehiculos/;
https://servicios.mercadolibre.com.ar/medicina-salud/;
https://servicios.mercadolibre.com.ar/ropa-moda/;
https://servicios.mercadolibre.com.ar/mascotas/;
https://servicios.mercadolibre.com.ar/oficinas/;
https://servicios.mercadolibre.com.ar/tecnologia/;
https://servicios.mercadolibre.com.ar/transporte/;
https://servicios.mercadolibre.com.ar/viajes-turismo/;
https://servicios.mercadolibre.com.ar/otros/;
https://juegos-juguetes.mercadolibre.com.ar/accesorios-cosplay/;
https://juegos-juguetes.mercadolibre.com.ar/disfraces-y-cotillon/cotillon/;
https://juegos-juguetes.mercadolibre.com.ar/disfraces-y-cotillon/decoracion-para-fiestas/;
https://juegos-juguetes.mercadolibre.com.ar/disfraces-cotillon-descartables-fiestas/;
https://juegos-juguetes.mercadolibre.com.ar/disfraces-y-cotillon/disfraces/;
https://juegos-juguetes.mercadolibre.com.ar/espuma-serpentina-confeti/;
https://listado.mercadolibre.com.ar/disfraces-cotillon-invitaciones-tarjetas/;
https://juegos-juguetes.mercadolibre.com.ar/kits-imprimibles-fiestas/;
https://juegos-juguetes.mercadolibre.com.ar/props-photo-booths/;
https://listado.mercadolibre.com.ar/disfraces-cotillon-souvenirs/;
https://juegos-juguetes.mercadolibre.com.ar/disfraces-y-cotillon/otros/;
https://listado.mercadolibre.com.ar/acido-clorhidrico/;
https://listado.mercadolibre.com.ar/otras-categorias/adultos/;
https://coleccionables.mercadolibre.com.ar/articulos-fumadores/;
https://listado.mercadolibre.com.ar/otras-categorias/coberturas-extendidas/;
https://listado.mercadolibre.com.ar/criptomonedas/;
https://listado.mercadolibre.com.ar/otras-categorias/esoterismo/;
https://listado.mercadolibre.com.ar/otras-categorias/gift-cards/;
https://listado.mercadolibre.com.ar/hornos-crematorios/;
https://listado.mercadolibre.com.ar/insumos-tatuajes/;
https://listado.mercadolibre.com.ar/kits-criminalistica/;
https://listado.mercadolibre.com.ar/licencias-taxis/;
https://listado.mercadolibre.com.ar/otras-categorias/mangas-viento/;
https://listado.mercadolibre.com.ar/pirotecnia/;
https://listado.mercadolibre.com.ar/otras-categorias/otros/;
